<?xml version="1.0"?>
<!DOCTYPE KILLRING SYSTEM "killring.dtd">
<KILLRING>
<ENTRY>In</ENTRY>
<ENTRY>Diagram(coordinateSystem(extent={{-100,-100},{100,100}})),
  Icon(coordinateSystem(extent={{-100,-100},{100,100}}), 
  graphics={Rectangle(extent={{-63,75},{-63,75}}),
  Rectangle(extent={{-59,79},{76,-83}})})</ENTRY>
<ENTRY>e</ENTRY>
<ENTRY>Icon(coordinateSystem(extnt={{-100,-100},{100,100}}))</ENTRY>
<ENTRY>package SimpleFluid
end SimpleFluid;</ENTRY>
<ENTRY>model Circuit1
  annotation(Diagram(coordinateSystem(extent={{-100,-100},{100,100}})));
end Circuit1;</ENTRY>
<ENTRY>import</ENTRY>
<ENTRY>I</ENTRY>
<ENTRY>.*</ENTRY>
<ENTRY>deol</ENTRY>
<ENTRY>a</ENTRY>
<ENTRY>CI.T - CU.T</ENTRY>
<ENTRY>DeltaT</ENTRY>
<ENTRY>  DeltaT = ;
</ENTRY>
<ENTRY>
  Temperature T;
  Temperature DeltaT;</ENTRY>
<ENTRY>Q</ENTRY>
<ENTRY>P</ENTRY>
<ENTRY>ata</ENTRY>
<ENTRY>CI.</ENTRY>
<ENTRY>package FBD
end FBD;</ENTRY>
</KILLRING>
