<?xml version="1.0"?>
<!DOCTYPE RECENT SYSTEM "recent.dtd">
<RECENT>
<ENTRY>
<PATH>/home/fildo/Work/OpenModelica/mofiles/LFT/Temp/LFT2.Circuit11581431474531832960.mot</PATH>
<CARET>0</CARET>
<ENCODING>Cp1252</ENCODING>
</ENTRY>
<ENTRY>
<PATH>/home/fildo/Work/OpenModelica/mofiles/LFT/Temp/LFT2.Circuit14208691158759567489.mot</PATH>
<CARET>0</CARET>
<ENCODING>Cp1252</ENCODING>
</ENTRY>
<ENTRY>
<PATH>/home/fildo/Work/OpenModelica/mofiles/LFT/Temp/LFT2.Circuit18432193211334353552.mot</PATH>
<CARET>0</CARET>
<ENCODING>Cp1252</ENCODING>
</ENTRY>
<ENTRY>
<PATH>/home/fildo/Work/OpenModelica/mofiles/LFT/Temp/LFT2.Circuit14197730550787408132.mot</PATH>
<CARET>0</CARET>
<ENCODING>Cp1252</ENCODING>
</ENTRY>
<ENTRY>
<PATH>/home/fildo/Work/OpenModelica/mofiles/LFT/Temp/LFT2.Circuit14574908473858996401.mot</PATH>
<CARET>0</CARET>
<ENCODING>Cp1252</ENCODING>
</ENTRY>
<ENTRY>
<PATH>/home/fildo/Work/OpenModelica/mofiles/LFT/Temp/LFT2.Circuit13136481980669374268.mot</PATH>
<CARET>0</CARET>
<ENCODING>Cp1252</ENCODING>
</ENTRY>
<ENTRY>
<PATH>/home/fildo/Work/OpenModelica/mofiles/LFT/Temp/LFT2.Circuit15751256199221358495.mot</PATH>
<CARET>0</CARET>
<ENCODING>Cp1252</ENCODING>
</ENTRY>
<ENTRY>
<PATH>/home/fildo/Work/OpenModelica/mofiles/LFT/Temp/LFT2.MechanicalSystem18194599274455155595.mot</PATH>
<CARET>0</CARET>
<ENCODING>Cp1252</ENCODING>
</ENTRY>
<ENTRY>
<PATH>/home/fildo/Work/OpenModelica/mofiles/LFT/Temp/LFT2.MechanicalDrive8228183578297801140.mot</PATH>
<CARET>0</CARET>
<ENCODING>Cp1252</ENCODING>
</ENTRY>
<ENTRY>
<PATH>/home/fildo/Work/OpenModelica/mofiles/LFT/Temp/LFT2.ThermalCircuit7525143638359812249.mot</PATH>
<CARET>0</CARET>
<ENCODING>Cp1252</ENCODING>
</ENTRY>
<ENTRY>
<PATH>/home/fildo/Work/OpenModelica/mofiles/LFT/Temp/LFT2.Circuit32217433780101942825.mot</PATH>
<CARET>0</CARET>
<ENCODING>Cp1252</ENCODING>
</ENTRY>
<ENTRY>
<PATH>/home/fildo/Work/OpenModelica/mofiles/LFT/Temp/LFT2.Circuit2971455871739399132.mot</PATH>
<CARET>0</CARET>
<ENCODING>Cp1252</ENCODING>
</ENTRY>
<ENTRY>
<PATH>/home/fildo/Work/OpenModelica/mofiles/LFT/Temp/LFT2.Circuit16549981506051017506.mot</PATH>
<CARET>0</CARET>
<ENCODING>Cp1252</ENCODING>
</ENTRY>
<ENTRY>
<PATH>/home/fildo/Work/OpenModelica/mofiles/LFT/Temp/LFT2.SchroederGenerator7318785800804678386.mot</PATH>
<CARET>0</CARET>
<ENCODING>Cp1252</ENCODING>
</ENTRY>
<ENTRY>
<PATH>/home/fildo/Work/OpenModelica/mofiles/LFT/Temp/Modelica.Mechanics.Rotational.IdealGear6417625658328783290.mot</PATH>
<CARET>0</CARET>
<ENCODING>Cp1252</ENCODING>
</ENTRY>
<ENTRY>
<PATH>/home/fildo/tmp/Test/Modelica/Test.mo</PATH>
<CARET>0</CARET>
<ENCODING>Cp1252</ENCODING>
</ENTRY>
<ENTRY>
<PATH>/home/fildo/tmp/tmp2/Temp/Modelica.Electrical.Analog.Basic.Resistor7521498704680874049.mot</PATH>
<CARET>0</CARET>
<ENCODING>Cp1252</ENCODING>
</ENTRY>
<ENTRY>
<PATH>/home/fildo/tmp/tmp2/Temp/Esempio.ThermalStorageModel6690079990144267255.mot</PATH>
<CARET>0</CARET>
<ENCODING>Cp1252</ENCODING>
</ENTRY>
<ENTRY>
<PATH>/home/fildo/tmp/tmp2/Modelica/Esempio.mo</PATH>
<CARET>1671</CARET>
<ENCODING>Cp1252</ENCODING>
</ENTRY>
<ENTRY>
<PATH>/home/fildo/tmp/tmp2/Temp/Modelica.Electrical.Analog.Interfaces.OnePort6650602668311276155.mot</PATH>
<CARET>0</CARET>
<ENCODING>Cp1252</ENCODING>
</ENTRY>
<ENTRY>
<PATH>/home/fildo/tmp/tmp2/Temp/Esempio.HeatSourceModel9013443105206585109.mot</PATH>
<CARET>0</CARET>
<ENCODING>Cp1252</ENCODING>
</ENTRY>
<ENTRY>
<PATH>/home/fildo/tmp/tmp2/Temp/Esempio.HeatSinkModel3252706865253608652.mot</PATH>
<CARET>0</CARET>
<ENCODING>Cp1252</ENCODING>
</ENTRY>
<ENTRY>
<PATH>/home/fildo/tmp/tmp2/Temp/Esempio.ThermalConnector8516854580620501454.mot</PATH>
<CARET>0</CARET>
<ENCODING>Cp1252</ENCODING>
</ENTRY>
<ENTRY>
<PATH>/home/fildo/tmp/tmp2/Temp/Esempio.ThermalSystemModel7394166491624968367.mot</PATH>
<CARET>179</CARET>
<ENCODING>Cp1252</ENCODING>
</ENTRY>
<ENTRY>
<PATH>/home/fildo/tmp/tmp2/Temp/Esempio.ThermalResistanceModel668437809864800037.mot</PATH>
<CARET>257</CARET>
<ENCODING>Cp1252</ENCODING>
</ENTRY>
<ENTRY>
<PATH>/home/fildo/tmp/tmp2/Temp/Esempio.HeatSinkModel6515207765978241324.mot</PATH>
<CARET>0</CARET>
<ENCODING>Cp1252</ENCODING>
</ENTRY>
<ENTRY>
<PATH>/home/fildo/tmp/tmp2/Temp/Esempio.ThermalStorageModel3187395088136050340.mot</PATH>
<CARET>0</CARET>
<ENCODING>Cp1252</ENCODING>
</ENTRY>
<ENTRY>
<PATH>/home/fildo/tmp/tmp2/Temp/Esempio.ThermalSystemModel5069056317557465057.mot</PATH>
<CARET>0</CARET>
<ENCODING>Cp1252</ENCODING>
</ENTRY>
<ENTRY>
<PATH>/home/fildo/tmp/tmp2/Temp/Esempio.HeatSourceModel8454533196052476302.mot</PATH>
<CARET>0</CARET>
<ENCODING>Cp1252</ENCODING>
</ENTRY>
<ENTRY>
<PATH>/home/fildo/tmp/tmp2/Temp/Esempio.ThermalResistanceModel1646905456189882983.mot</PATH>
<CARET>0</CARET>
<ENCODING>Cp1252</ENCODING>
</ENTRY>
<ENTRY>
<PATH>/home/fildo/tmp/tmp2/Temp/Esempio.ThermalConnector8917771882987754992.mot</PATH>
<CARET>160</CARET>
<ENCODING>Cp1252</ENCODING>
</ENTRY>
<ENTRY>
<PATH>/home/fildo/tmp/tmp2/Temp/Esempio.ThermalSystem6074547416586182942.mot</PATH>
<CARET>0</CARET>
<ENCODING>Cp1252</ENCODING>
</ENTRY>
<ENTRY>
<PATH>/home/fildo/tmp/tmp2/Temp/Esempio.ThermalResistance2920816111541380009.mot</PATH>
<CARET>23</CARET>
<ENCODING>Cp1252</ENCODING>
</ENTRY>
<ENTRY>
<PATH>/home/fildo/tmp/Test/Temp/Test1138941684587041752.mot</PATH>
<CARET>0</CARET>
<ENCODING>Cp1252</ENCODING>
</ENTRY>
<ENTRY>
<PATH>/home/fildo/tmp/Test/Temp/Test6128458730012476727.mot</PATH>
<CARET>0</CARET>
<ENCODING>Cp1252</ENCODING>
</ENTRY>
<ENTRY>
<PATH>/home/fildo/Work/OpenModelica/mofiles/LFT/Temp/LFT2.SchroederGenerator3290957601121608259.mot</PATH>
<CARET>0</CARET>
<ENCODING>Cp1252</ENCODING>
</ENTRY>
<ENTRY>
<PATH>/home/fildo/Work/OpenModelica/mofiles/LFT/Temp/LFT.Prova4331667327189984040.mot</PATH>
<CARET>0</CARET>
<ENCODING>Cp1252</ENCODING>
</ENTRY>
<ENTRY>
<PATH>/home/fildo/Work/OpenModelica/mofiles/LFT/Temp/LFT.MechanicalDrive24116316937637214078.mot</PATH>
<CARET>0</CARET>
<ENCODING>Cp1252</ENCODING>
</ENTRY>
<ENTRY>
<PATH>/home/fildo/Work/OpenModelica/mofiles/LFT/Temp/LFT.Circuit15770484645115565195.mot</PATH>
<CARET>0</CARET>
<ENCODING>Cp1252</ENCODING>
</ENTRY>
<ENTRY>
<PATH>/home/fildo/Work/OpenModelica/mofiles/LFT/Temp/LFT2.Circuit33356049936076656439.mot</PATH>
<CARET>0</CARET>
<ENCODING>Cp1252</ENCODING>
</ENTRY>
</RECENT>
