<?xml version="1.0" encoding="UTF-8"?>
<SETTINGS>
    <LISTPROJECT>
        <PROJECTFILE>workspace/SampleProject1</PROJECTFILE>
        <PROJECTFILE>workspace/SampleProject2</PROJECTFILE>
    </LISTPROJECT>
    <MODELICA>
        <GUI>
            <DefaultOperationOnClose>Prompt</DefaultOperationOnClose>
        </GUI>
        <OPENMODELICAHOME>C:\OpenModelica1.4.4</OPENMODELICAHOME>
        <OPENMODELICALIBRARY>C:\OpenModelica1.4.4\ModelicaLibrary</OPENMODELICALIBRARY>
        <LD_LIBRARY_PATH>C:\OpenModelica1.4.4\lib</LD_LIBRARY_PATH>
    </MODELICA>
</SETTINGS>
