<?xml version="1.0"?>

<!DOCTYPE MODE SYSTEM "xmode.dtd">

<MODE>
	<PROPS>
		<PROPERTY NAME="commentStart" VALUE="/*" />
		<PROPERTY NAME="commentEnd" VALUE="*/" />
		<PROPERTY NAME="lineComment" VALUE="//" />
		<PROPERTY NAME="wordBreakChars" VALUE=",+-=&lt;&gt;/?^&amp;*" />

		<!-- Auto indent -->
		<PROPERTY NAME="indentOpenBrackets" VALUE="{" />
		<PROPERTY NAME="indentCloseBrackets" VALUE="}" />
		<PROPERTY NAME="indentNextLine"
			VALUE="\s*(((if|while)\s*\(|else\s*|else\s+if\s*\(|for\s*\(.*\))[^{;]*)" />
		<!-- set this to 'true' if you want to use GNU coding style -->
		<PROPERTY NAME="doubleBracketIndent" VALUE="false" />
		<PROPERTY NAME="lineUpClosingBracket" VALUE="true" />
	</PROPS>
	<RULES ESCAPE="\"
		IGNORE_CASE="FALSE"
		HIGHLIGHT_DIGITS="TRUE"
		DIGIT_RE="(0x[[:xdigit:]]+[lL]?|[[:digit:]]+(e[[:digit:]]*)?[lLdDfF]?)">

		<!-- Silly comment -->
		<SEQ TYPE="COMMENT1">/**/</SEQ>

		

		<!-- Modelica comment (C style) -->
		<SPAN TYPE="COMMENT1">
			<BEGIN>/*</BEGIN>
			<END>*/</END>
		</SPAN>

		
		<SPAN TYPE="LITERAL1" NO_LINE_BREAK="TRUE">
			<BEGIN>'</BEGIN>
			<END>'</END>
		</SPAN>
		
		
		
		<SPAN_REGEXP HASH_CHAR="a" TYPE="LABEL" NO_LINE_BREAK="FALSE" AT_WORD_START="TRUE" NO_ESCAPE="TRUE">
			<BEGIN>annotation( |\t|\n)*[(]</BEGIN>
			<END>);</END>
		</SPAN_REGEXP>

		<SPAN TYPE="LITERAL1" NO_LINE_BREAK="FALSE">
			<BEGIN>"</BEGIN>
			<END>"</END>
		</SPAN>
		
		<EOL_SPAN TYPE="COMMENT2">//</EOL_SPAN>

		<SEQ TYPE="OPERATOR">=</SEQ>
		<SEQ TYPE="OPERATOR">!</SEQ>
		<SEQ TYPE="OPERATOR">&gt;=</SEQ>
		<SEQ TYPE="OPERATOR">&lt;=</SEQ>
		<SEQ TYPE="OPERATOR">+</SEQ>
		<SEQ TYPE="OPERATOR">-</SEQ>
		<SEQ TYPE="OPERATOR">/</SEQ>

		<!-- workaround to stop "*" from being colorized
		     in import statements. -->
		<SEQ TYPE="NULL">.*</SEQ>

		<SEQ TYPE="OPERATOR">*</SEQ>
		<SEQ TYPE="OPERATOR">&gt;</SEQ>
		<SEQ TYPE="OPERATOR">&lt;</SEQ>
		<SEQ TYPE="OPERATOR">%</SEQ>
		<SEQ TYPE="OPERATOR">&amp;</SEQ>
		<SEQ TYPE="OPERATOR">|</SEQ>
		<SEQ TYPE="OPERATOR">^</SEQ>
		<SEQ TYPE="OPERATOR">~</SEQ>
		<SEQ TYPE="OPERATOR">}</SEQ>
		<SEQ TYPE="OPERATOR">{</SEQ>
		

		

		<KEYWORDS>
			<KEYWORD1>within</KEYWORD1>
			<KEYWORD1>final</KEYWORD1>
			<KEYWORD1>encapsulated</KEYWORD1>
			<KEYWORD1>partial</KEYWORD1>
			<KEYWORD1>class</KEYWORD1>
			<KEYWORD1>model</KEYWORD1>
			<KEYWORD1>record</KEYWORD1>
			<KEYWORD1>block</KEYWORD1>
			<KEYWORD1>expandable</KEYWORD1>
			<KEYWORD1>connector</KEYWORD1>
			<KEYWORD1>function</KEYWORD1>
			<KEYWORD1>end</KEYWORD1>
			<KEYWORD1>enumeration</KEYWORD1>
			<KEYWORD1>der</KEYWORD1>
			<KEYWORD1>extends</KEYWORD1>
			<KEYWORD1>external</KEYWORD1>
			<KEYWORD1>public</KEYWORD1>
			<KEYWORD1>protected</KEYWORD1>
			<KEYWORD1>redeclare</KEYWORD1>
			<KEYWORD1>inner</KEYWORD1>
			<KEYWORD1>outer</KEYWORD1>
			<KEYWORD1>replaceable</KEYWORD1>
			<KEYWORD1>import</KEYWORD1>
			<KEYWORD1>flow</KEYWORD1>
			<KEYWORD1>stream</KEYWORD1>
			<KEYWORD1>discrete</KEYWORD1>
			<KEYWORD1>parameter</KEYWORD1>
			<KEYWORD1>constant</KEYWORD1>
			<KEYWORD1>input</KEYWORD1>
			<KEYWORD1>package</KEYWORD1>

			<KEYWORD1>output</KEYWORD1>
			<KEYWORD1>if</KEYWORD1>

			<KEYWORD3>each</KEYWORD3>
			<KEYWORD3>initial</KEYWORD3>
			<KEYWORD3>equation</KEYWORD3>
			<KEYWORD3>algorithm</KEYWORD3>
			<KEYWORD3>break</KEYWORD3>
			<KEYWORD3>return</KEYWORD3>
			<KEYWORD3>then</KEYWORD3>
			<KEYWORD3>else</KEYWORD3>
			<KEYWORD3>elseif</KEYWORD3>
			<KEYWORD3>for</KEYWORD3>
			<KEYWORD3>loop</KEYWORD3>

			<KEYWORD1>in</KEYWORD1>
			<KEYWORD1>while</KEYWORD1>


			<LITERAL2>when</LITERAL2>
			<LITERAL2>elsewhen</LITERAL2>
			<LITERAL2>connect</LITERAL2>
			<LITERAL2>and</LITERAL2>
			<LITERAL2>or</LITERAL2>

			<KEYWORD1>not</KEYWORD1>
			
			<KEYWORD1>const</KEYWORD1>

			
		</KEYWORDS>
	</RULES>

</MODE>