<?xml version="1.0" encoding="UTF-8"?>
<dae xmlns:p1="http://www.w3.org/1998/Math/MathML"
	                                              xmlns:xlink="http://www.w3.org/1999/xlink"
	                                              xmlns:xsi="http://www.w3.org/2001/XMLSchema-instance"
	                                              xsi:noNamespaceSchemaLocation="http://home.dei.polimi.it/donida/Projects/AutoEdit/Images/DAE.xsd">
<variables dimension="11">
<orderedVariables dimension="6">
<variablesList>
<variable id="1" name="h" variability="continuous" direction="none" type="Real" index="-1" origName="h" fixed="false" flow="NonConnector" stream="NonStreamConnector">
<classesNames>
<element>
SimpleTest
</element>
</classesNames>
</variable>
<variable id="2" name="v" variability="continuous" direction="none" type="Real" index="-1" origName="v" fixed="false" flow="NonConnector" stream="NonStreamConnector">
<classesNames>
<element>
SimpleTest
</element>
</classesNames>
</variable>
<variable id="3" name="t" variability="continuous" direction="none" type="Real" index="-1" origName="t" fixed="false" flow="NonConnector" stream="NonStreamConnector">
<classesNames>
<element>
SimpleTest
</element>
</classesNames>
</variable>
<variable id="4" name="z" variability="continuous" direction="none" type="Real" index="-1" origName="z" fixed="false" flow="NonConnector" stream="NonStreamConnector">
<classesNames>
<element>
SimpleTest
</element>
</classesNames>
</variable>
<variable id="5" name="y" variability="continuous" direction="none" type="Real" index="-1" origName="y" fixed="false" flow="NonConnector" stream="NonStreamConnector">
<classesNames>
<element>
SimpleTest
</element>
</classesNames>
</variable>
<variable id="6" name="x" variability="continuousState" direction="none" type="Real" index="-1" origName="x" fixed="true" flow="NonConnector" stream="NonStreamConnector">
<classesNames>
<element>
SimpleTest
</element>
</classesNames>
</variable>
</variablesList>
</orderedVariables>
<knownVariables dimension="5">
<variablesList>
<variable id="1" name="d" variability="parameter" direction="none" type="Real" index="-1" origName="d" fixed="true" flow="NonConnector" stream="NonStreamConnector">
<bindValueExpression>
<bindExpression string="1">
</bindExpression>
</bindValueExpression>
<classesNames>
<element>
SimpleTest
</element>
</classesNames>
</variable>
<variable id="2" name="c" variability="parameter" direction="none" type="Real" index="-1" origName="c" fixed="true" flow="NonConnector" stream="NonStreamConnector">
<bindValueExpression>
<bindExpression string="1">
</bindExpression>
</bindValueExpression>
<classesNames>
<element>
SimpleTest
</element>
</classesNames>
</variable>
<variable id="3" name="b" variability="parameter" direction="none" type="Real" index="-1" origName="b" fixed="true" flow="NonConnector" stream="NonStreamConnector">
<bindValueExpression>
<bindExpression string="1">
</bindExpression>
</bindValueExpression>
<classesNames>
<element>
SimpleTest
</element>
</classesNames>
</variable>
<variable id="4" name="a" variability="parameter" direction="none" type="Real" index="-1" origName="a" fixed="true" flow="NonConnector" stream="NonStreamConnector">
<bindValueExpression>
<bindExpression string="1">
</bindExpression>
</bindValueExpression>
<classesNames>
<element>
SimpleTest
</element>
</classesNames>
</variable>
<variable id="5" name="u" variability="continuous" direction="input" type="Real" index="-1" origName="u" fixed="false" flow="NonConnector" stream="NonStreamConnector">
<classesNames>
<element>
SimpleTest
</element>
</classesNames>
</variable>
</variablesList>
</knownVariables>
</variables>
<equations dimension="6">
<residualEquation id="1">a * der(x) + (y - 1.0) ^ 3.0 - x ^ 0.5= 0
</residualEquation>
<residualEquation id="2">b * sin(y + b) + c * log(5.0 + x) - d= 0
</residualEquation>
<residualEquation id="3">z - (x + 2.0 * y) ^ 0.3= 0
</residualEquation>
<residualEquation id="4">t - 3.0 * u ^ 3.0= 0
</residualEquation>
<residualEquation id="5">v - log(t)= 0
</residualEquation>
<residualEquation id="6">h - 4.0 * v * time= 0
</residualEquation>
</equations>
<additionalInfo>
<solvingInfo>
<matchingAlgorithm>
<solvedIn variableId="1" equationId="6" />
<solvedIn variableId="2" equationId="5" />
<solvedIn variableId="3" equationId="4" />
<solvedIn variableId="4" equationId="3" />
<solvedIn variableId="5" equationId="2" />
<solvedIn variableId="6" equationId="1" />
</matchingAlgorithm>
<bltRepresentation>
<bltBlock id="1">
<involvedEquation equationId="4" />
</bltBlock>
<bltBlock id="2">
<involvedEquation equationId="5" />
</bltBlock>
<bltBlock id="3">
<involvedEquation equationId="6" />
</bltBlock>
<bltBlock id="4">
<involvedEquation equationId="2" />
</bltBlock>
<bltBlock id="5">
<involvedEquation equationId="3" />
</bltBlock>
<bltBlock id="6">
<involvedEquation equationId="1" />
</bltBlock>
</bltRepresentation>
</solvingInfo>
</additionalInfo>
</dae>